{
  "BLACK": {
    "bin_edges": [
      0.0,
      0.1,
      0.2,
      0.3,
      0.4,
      0.5,
      0.6,
      0.7,
      0.8,
      0.9,
      1.0
    ],
    "pred_mean": [
      0.03950450232774783,
      0.17888732286345246,
      0.2929760153429949,
      0.33899983004684303,
      0.44987551365047695,
      0.5181102275848388,
      0.6263758659362793,
      NaN,
      NaN,
      NaN
    ],
    "true_rate": [
      0.08653846153846154,
      0.16666666666666666,
      0.2697947214076246,
      0.3333333333333333,
      0.41875,
      0.5866666666666667,
      0.5,
      NaN,
      NaN,
      NaN
    ],
    "counts": [
      312,
      234,
      341,
      267,
      160,
      75,
      10,
      0,
      0,
      0
    ],
    "empty_bins": [
      false,
      false,
      false,
      false,
      false,
      false,
      false,
      true,
      true,
      true
    ]
  },
  "WHITE": {
    "bin_edges": [
      0.0,
      0.1,
      0.2,
      0.3,
      0.4,
      0.5,
      0.6,
      0.7,
      0.8,
      0.9,
      1.0
    ],
    "pred_mean": [
      0.03804466208201848,
      0.17544561285193605,
      0.29366678124620715,
      0.3387649315841419,
      0.4495999165556648,
      0.5179880446401136,
      0.6318181753158569,
      0.7142857313156128,
      NaN,
      0.999999
    ],
    "true_rate": [
      0.060810810810810814,
      0.20297029702970298,
      0.29389312977099236,
      0.38144329896907214,
      0.4090909090909091,
      0.46551724137931033,
      0.5,
      1.0,
      NaN,
      1.0
    ],
    "counts": [
      296,
      202,
      262,
      194,
      110,
      58,
      8,
      1,
      0,
      1
    ],
    "empty_bins": [
      false,
      false,
      false,
      false,
      false,
      false,
      false,
      false,
      true,
      false
    ]
  }
}