{
  "BLACK": {
    "bin_edges": [
      0.0,
      0.1,
      0.2,
      0.3,
      0.4,
      0.5,
      0.6,
      0.7,
      0.8,
      0.9,
      1.0
    ],
    "pred_mean": [
      0.05649319698943411,
      0.15756865208066143,
      0.25558947087799916,
      0.3332594369384025,
      0.4601408565181425,
      0.5831554590678606,
      0.6082506109686459,
      0.7857142686843872,
      NaN,
      0.999999
    ],
    "true_rate": [
      0.07142857142857142,
      0.17550274223034734,
      0.2827868852459016,
      0.31798561151079136,
      0.46839080459770116,
      0.6229508196721312,
      0.6235294117647059,
      0.8571428571428571,
      NaN,
      0.5
    ],
    "counts": [
      56,
      547,
      244,
      695,
      348,
      61,
      85,
      7,
      0,
      2
    ],
    "empty_bins": [
      false,
      false,
      false,
      false,
      false,
      false,
      false,
      false,
      true,
      false
    ]
  },
  "WHITE": {
    "bin_edges": [
      0.0,
      0.1,
      0.2,
      0.3,
      0.4,
      0.5,
      0.6,
      0.7,
      0.8,
      0.9,
      1.0
    ],
    "pred_mean": [
      0.04920319273858795,
      0.15584510578188354,
      0.2557240934228178,
      0.33349533049052194,
      0.4600791765583886,
      0.5812088797489802,
      0.6081818342208862,
      0.7857142686843872,
      NaN,
      NaN
    ],
    "true_rate": [
      0.049019607843137254,
      0.1317365269461078,
      0.22613065326633167,
      0.36465324384787473,
      0.4311111111111111,
      0.625,
      0.5454545454545454,
      0.5,
      NaN,
      NaN
    ],
    "counts": [
      102,
      501,
      199,
      447,
      225,
      24,
      55,
      8,
      0,
      0
    ],
    "empty_bins": [
      false,
      false,
      false,
      false,
      false,
      false,
      false,
      false,
      true,
      true
    ]
  }
}