{
  "thresholds": [
    0.0,
    0.05,
    0.1,
    0.15,
    0.2,
    0.25,
    0.3,
    0.35,
    0.4,
    0.45,
    0.5,
    0.55,
    0.6,
    0.65,
    0.7,
    0.75,
    0.8,
    0.85,
    0.9,
    0.95,
    1.0
  ],
  "fpr_gap_per_threshold": [
    0.0,
    0.06800825560042167,
    0.11595317861946863,
    0.14048405018257082,
    0.13274128983091277,
    0.12372657751324923,
    0.11176048158100046,
    0.08253855188288062,
    0.06603329776073626,
    0.05275349353714212,
    0.03654273139371109,
    0.0352857755073943,
    0.02693399333320837,
    0.025700177949169754,
    0.01663323790569405,
    0.0051040967092008055,
    0.0002686366689053056,
    0.0,
    0.0,
    0.0,
    0.0
  ],
  "fnr_gap_per_threshold": [
    0.0,
    0.018234398889834427,
    0.04260401622875626,
    0.0936455026641855,
    0.1299077333766477,
    0.16219928601947026,
    0.15522720611862245,
    0.149877648737116,
    0.13952281241944764,
    0.12599531781314321,
    0.0885713680389546,
    0.1321640813415207,
    0.12004548006539528,
    0.15534549666138187,
    0.12374779750071507,
    0.04123396456933415,
    0.003970678069639577,
    0.0006108735491753281,
    0.0,
    0.0,
    0.0
  ],
  "fpr_gap_max": 0.14048405018257082,
  "fpr_gap_mean": 0.04954608695122221,
  "fnr_gap_max": 0.16219928601947026,
  "fnr_gap_mean": 0.0801382696220638
}