{
  "thresholds": [
    0.0,
    0.05,
    0.1,
    0.15,
    0.2,
    0.25,
    0.3,
    0.35,
    0.4,
    0.45,
    0.5,
    0.55,
    0.6,
    0.65,
    0.7,
    0.75,
    0.8,
    0.85,
    0.9,
    0.95,
    1.0
  ],
  "fpr_gap_per_threshold": [
    0.0,
    0.0365524293068189,
    0.054216909949933,
    0.06437486778083351,
    0.05712925745716102,
    0.03815668852690218,
    0.029849799026866936,
    0.029849799026866936,
    0.018753966574994712,
    0.0,
    0.0,
    0.0,
    0.0,
    0.0,
    0.0,
    0.0,
    0.0,
    0.0,
    0.0,
    0.0,
    0.0
  ],
  "fnr_gap_per_threshold": [
    0.0,
    0.010512138234617788,
    0.011891856377911375,
    0.0384350054203213,
    0.05420321277224799,
    0.05111527216582901,
    0.053151998948786194,
    0.053151998948786194,
    0.05466311882001251,
    0.0,
    0.0,
    0.0,
    0.0,
    0.0,
    0.0,
    0.0,
    0.0,
    0.0,
    0.0,
    0.0,
    0.0
  ],
  "fpr_gap_max": 0.06437486778083351,
  "fpr_gap_mean": 0.015661129411922724,
  "fnr_gap_max": 0.05466311882001251,
  "fnr_gap_mean": 0.015577361985167256
}