{
  "Unknown": {
    "bin_edges": [
      0.0,
      0.1,
      0.2,
      0.3,
      0.4,
      0.5,
      0.6,
      0.7,
      0.8,
      0.9,
      1.0
    ],
    "pred_mean": [
      0.051786991713571394,
      0.15674470485195177,
      0.2556499446622405,
      0.3333517700538117,
      0.460116636638658,
      0.5826058366719414,
      0.608223591532026,
      0.7857142686843872,
      NaN,
      0.999999
    ],
    "true_rate": [
      0.056962025316455694,
      0.15458015267175573,
      0.25733634311512416,
      0.3362521891418564,
      0.4537521815008726,
      0.6235294117647059,
      0.5928571428571429,
      0.6666666666666666,
      NaN,
      0.5
    ],
    "counts": [
      158,
      1048,
      443,
      1142,
      573,
      85,
      140,
      15,
      0,
      2
    ],
    "empty_bins": [
      false,
      false,
      false,
      false,
      false,
      false,
      false,
      false,
      true,
      false
    ]
  }
}