{
  "thresholds": [
    0.0,
    0.05,
    0.1,
    0.15,
    0.2,
    0.25,
    0.3,
    0.35,
    0.4,
    0.45,
    0.5,
    0.55,
    0.6,
    0.65,
    0.7,
    0.75,
    0.8,
    0.85,
    0.9,
    0.95,
    1.0
  ],
  "fpr_gap_per_threshold": [
    0.0,
    0.03728796501308351,
    0.05428736115939914,
    0.05354169335212,
    0.05682171677432346,
    0.05682171677432346,
    0.035668539223041584,
    0.01545316474226427,
    0.006033962195099635,
    0.0025755274570440495,
    0.0067201595637614575,
    8.691833336383053e-05,
    8.691833336383053e-05,
    0.0,
    0.0,
    0.0,
    0.0,
    0.0,
    0.0,
    0.0,
    0.0
  ],
  "fnr_gap_per_threshold": [
    0.0,
    0.005739210284664828,
    0.0118801652892562,
    0.014634986225895319,
    0.02304292929292928,
    0.0237603305785124,
    0.03696051423324148,
    0.05320247933884292,
    0.04872589531680438,
    0.014921946740128589,
    0.020402892561983466,
    0.00705922865013775,
    0.00705922865013775,
    0.00694444444444442,
    0.00694444444444442,
    0.00347222222222221,
    0.00347222222222221,
    0.00347222222222221,
    0.00347222222222221,
    0.00347222222222221,
    0.0
  ],
  "fpr_gap_max": 0.05682171677432346,
  "fpr_gap_mean": 0.015494554424818487,
  "fnr_gap_max": 0.05320247933884292,
  "fnr_gap_mean": 0.014220943198215916
}