{
  "thresholds": [
    0.0,
    0.05,
    0.1,
    0.15,
    0.2,
    0.25,
    0.3,
    0.35,
    0.4,
    0.45,
    0.5,
    0.55,
    0.6,
    0.65,
    0.7,
    0.75,
    0.8,
    0.85,
    0.9,
    0.95,
    1.0
  ],
  "fpr_gap_per_threshold": [
    0.0,
    0.036903631256693714,
    0.048084597975225796,
    0.0726567078222563,
    0.10747772142178758,
    0.1076406429971507,
    0.11750308161739448,
    0.02819174732758098,
    0.027474387212803375,
    0.014814496736516664,
    0.007438822316972134,
    0.006721462202194516,
    0.0011379251116454825,
    0.0020864065310081436,
    0.0020864065310081436,
    0.0020864065310081436,
    0.0007173601147776184,
    0.0007173601147776184,
    0.0007173601147776184,
    0.0007173601147776184,
    0.0
  ],
  "fnr_gap_per_threshold": [
    0.0,
    9.758742206560003e-05,
    0.005620312641185506,
    0.003755308575042922,
    0.013448992500225881,
    0.013448992500225881,
    0.013340562031264103,
    0.05503930604499874,
    0.057392247221469295,
    0.0427396765157676,
    0.03524351676154336,
    0.037596457938013916,
    0.012165898617511606,
    0.0013409234661606595,
    0.0013409234661606595,
    0.0013409234661606595,
    0.001536098310291889,
    0.001536098310291889,
    0.001536098310291889,
    0.001536098310291889,
    0.0
  ],
  "fpr_gap_max": 0.11750308161739448,
  "fpr_gap_mean": 0.027865423050016984,
  "fnr_gap_max": 0.057392247221469295,
  "fnr_gap_mean": 0.014288382019474475
}