{
  "thresholds": [
    0.0,
    0.05,
    0.1,
    0.15,
    0.2,
    0.25,
    0.3,
    0.35,
    0.4,
    0.45,
    0.5,
    0.55,
    0.6,
    0.65,
    0.7,
    0.75,
    0.8,
    0.85,
    0.9,
    0.95,
    1.0
  ],
  "fpr_gap_per_threshold": [
    0.0,
    0.044130661525332626,
    0.05832464152891481,
    0.11147107472844697,
    0.19536805840892568,
    0.19445146812478264,
    0.19452258288820762,
    0.1208055458979951,
    0.1203472507559236,
    0.08874859087413214,
    0.040206180136329636,
    0.039747884994258145,
    0.028872593950504125,
    0.002749770852428964,
    0.002749770852428964,
    0.002749770852428964,
    0.00045829514207149406,
    0.00045829514207149406,
    0.00045829514207149406,
    0.00045829514207149406,
    0.0
  ],
  "fnr_gap_per_threshold": [
    0.0,
    0.008483935742971889,
    0.017971887550200804,
    0.03438755020080321,
    0.2739457831325301,
    0.2739457831325301,
    0.34854417670682736,
    0.27459839357429716,
    0.2870983935742971,
    0.22811244979919676,
    0.10707831325301209,
    0.11957831325301205,
    0.08087349397590371,
    0.011044176706827336,
    0.011044176706827336,
    0.011044176706827336,
    0.0010040160642570406,
    0.0010040160642570406,
    0.0010040160642570406,
    0.0010040160642570406,
    0.0
  ],
  "fpr_gap_max": 0.19536805840892568,
  "fpr_gap_mean": 0.05938471556853933,
  "fnr_gap_max": 0.34854417670682736,
  "fnr_gap_mean": 0.09960795563205202
}