{
  "thresholds": [
    0.0,
    0.05,
    0.1,
    0.15,
    0.2,
    0.25,
    0.3,
    0.35,
    0.4,
    0.45,
    0.5,
    0.55,
    0.6,
    0.65,
    0.7,
    0.75,
    0.8,
    0.85,
    0.9,
    0.95,
    1.0
  ],
  "fpr_gap_per_threshold": [
    0.0,
    0.06854246912122064,
    0.13180268203004863,
    0.12991944285867385,
    0.16327311779978176,
    0.16327311779978176,
    0.11699486647812402,
    0.10786739021546793,
    0.057400517507999946,
    0.048647064356035004,
    0.024009658982788378,
    0.005649717514124294,
    0.005649717514124294,
    0.0,
    0.0,
    0.0,
    0.0,
    0.0,
    0.0,
    0.0,
    0.0
  ],
  "fnr_gap_per_threshold": [
    0.0,
    0.0019679633867276877,
    0.011121281464530883,
    0.009382151029748279,
    0.05075514874141876,
    0.047276887871853523,
    0.1441647597254005,
    0.18379862700228833,
    0.12883295194508004,
    0.0805949656750572,
    0.038329519450800986,
    0.004233409610983951,
    0.004233409610983951,
    0.003478260869565264,
    0.003478260869565264,
    0.0017391304347825765,
    0.0017391304347825765,
    0.0017391304347825765,
    0.0017391304347825765,
    0.0017391304347825765,
    0.0
  ],
  "fpr_gap_max": 0.16327311779978176,
  "fpr_gap_mean": 0.04871570296086526,
  "fnr_gap_max": 0.18379862700228833,
  "fnr_gap_mean": 0.0343020594965675
}