{
  "Unknown": {
    "bin_edges": [
      0.0,
      0.1,
      0.2,
      0.3,
      0.4,
      0.5,
      0.6,
      0.7,
      0.8,
      0.9,
      1.0
    ],
    "pred_mean": [
      0.03879379062916907,
      0.17729276914252054,
      0.29327614911851996,
      0.3389009790668777,
      0.4497632333525905,
      0.5180569447969136,
      0.6287946701049805,
      0.7142857313156128,
      NaN,
      0.999999
    ],
    "true_rate": [
      0.07401315789473684,
      0.1834862385321101,
      0.2802653399668325,
      0.35357917570498915,
      0.4148148148148148,
      0.5338345864661654,
      0.5,
      1.0,
      NaN,
      1.0
    ],
    "counts": [
      608,
      436,
      603,
      461,
      270,
      133,
      18,
      1,
      0,
      1
    ],
    "empty_bins": [
      false,
      false,
      false,
      false,
      false,
      false,
      false,
      false,
      true,
      false
    ]
  }
}