{
  "thresholds": [
    0.0,
    0.05,
    0.1,
    0.15,
    0.2,
    0.25,
    0.3,
    0.35,
    0.4,
    0.45,
    0.5,
    0.55,
    0.6,
    0.65,
    0.7,
    0.75,
    0.8,
    0.85,
    0.9,
    0.95,
    1.0
  ],
  "fpr_gap_per_threshold": [
    0.0,
    0.1951225314622096,
    0.2372518906402405,
    0.1999968280065872,
    0.048579873935994056,
    0.04253643166601024,
    0.01654194564789287,
    0.0,
    0.0,
    0.0,
    0.0,
    0.0,
    0.0,
    0.0,
    0.0,
    0.0,
    0.0,
    0.0,
    0.0,
    0.0,
    0.0
  ],
  "fnr_gap_per_threshold": [
    0.0,
    0.12398921832884097,
    0.1483315572828517,
    0.31940700808625344,
    0.1671159029649596,
    0.1482479784366577,
    0.05660377358490565,
    0.0,
    0.0,
    0.0,
    0.0,
    0.0,
    0.0,
    0.0,
    0.0,
    0.0,
    0.0,
    0.0,
    0.0,
    0.0,
    0.0
  ],
  "fpr_gap_max": 0.2372518906402405,
  "fpr_gap_mean": 0.03523950006471116,
  "fnr_gap_max": 0.31940700808625344,
  "fnr_gap_mean": 0.045890258984974716
}