{
  "BLACK": {
    "bin_edges": [
      0.0,
      0.1,
      0.2,
      0.3,
      0.4,
      0.5,
      0.6,
      0.7,
      0.8,
      0.9,
      1.0
    ],
    "pred_mean": [
      0.02093029725603002,
      0.1320702496803168,
      0.2529318207656413,
      0.35593220591545105,
      0.41025641560554504,
      NaN,
      NaN,
      NaN,
      NaN,
      NaN
    ],
    "true_rate": [
      0.0546448087431694,
      0.12794612794612795,
      0.26043737574552683,
      0.38636363636363635,
      0.3709677419354839,
      NaN,
      NaN,
      NaN,
      NaN,
      NaN
    ],
    "counts": [
      183,
      297,
      503,
      44,
      62,
      0,
      0,
      0,
      0,
      0
    ],
    "empty_bins": [
      false,
      false,
      false,
      false,
      false,
      true,
      true,
      true,
      true,
      true
    ]
  },
  "WHITE": {
    "bin_edges": [
      0.0,
      0.1,
      0.2,
      0.3,
      0.4,
      0.5,
      0.6,
      0.7,
      0.8,
      0.9,
      1.0
    ],
    "pred_mean": [
      0.025614937089378436,
      0.13151046524928733,
      0.25331939029139144,
      0.35593220591545105,
      0.41025641560554504,
      NaN,
      NaN,
      NaN,
      NaN,
      NaN
    ],
    "true_rate": [
      0.046242774566473986,
      0.13274336283185842,
      0.24127906976744187,
      0.4583333333333333,
      0.2916666666666667,
      NaN,
      NaN,
      NaN,
      NaN,
      NaN
    ],
    "counts": [
      173,
      226,
      344,
      24,
      24,
      0,
      0,
      0,
      0,
      0
    ],
    "empty_bins": [
      false,
      false,
      false,
      false,
      false,
      true,
      true,
      true,
      true,
      true
    ]
  }
}