{
  "thresholds": [
    0.0,
    0.05,
    0.1,
    0.15,
    0.2,
    0.25,
    0.3,
    0.35,
    0.4,
    0.45,
    0.5,
    0.55,
    0.6,
    0.65,
    0.7,
    0.75,
    0.8,
    0.85,
    0.9,
    0.95,
    1.0
  ],
  "fpr_gap_per_threshold": [
    0.0,
    0.019216358275420675,
    0.07239260359965627,
    0.11174698560355753,
    0.019580128450008498,
    0.01444727359477593,
    0.006787985761040574,
    0.0,
    0.0,
    0.0,
    0.0,
    0.0,
    0.0,
    0.0,
    0.0,
    0.0,
    0.0,
    0.0,
    0.0,
    0.0,
    0.0
  ],
  "fnr_gap_per_threshold": [
    0.0,
    0.00451577985996008,
    0.014223860907215113,
    0.06320400500625784,
    0.06333930927172471,
    0.05332679362716908,
    0.022781855698000952,
    0.0,
    0.0,
    0.0,
    0.0,
    0.0,
    0.0,
    0.0,
    0.0,
    0.0,
    0.0,
    0.0,
    0.0,
    0.0,
    0.0
  ],
  "fpr_gap_max": 0.11174698560355753,
  "fpr_gap_mean": 0.011627206442117118,
  "fnr_gap_max": 0.06333930927172471,
  "fnr_gap_mean": 0.010542457350967989
}