{
  "F": {
    "bin_edges": [
      0.0,
      0.1,
      0.2,
      0.3,
      0.4,
      0.5,
      0.6,
      0.7,
      0.8,
      0.9,
      1.0
    ],
    "pred_mean": [
      0.04380702686616394,
      0.17672204830356547,
      0.2932072506274706,
      0.32765673617927393,
      0.4461441402849944,
      0.5143163854425604,
      0.6363636255264282,
      NaN,
      NaN,
      NaN
    ],
    "true_rate": [
      0.04838709677419355,
      0.16216216216216217,
      0.32098765432098764,
      0.3673469387755102,
      0.30434782608695654,
      0.5454545454545454,
      1.0,
      NaN,
      NaN,
      NaN
    ],
    "counts": [
      124,
      74,
      81,
      49,
      23,
      11,
      1,
      0,
      0,
      0
    ],
    "empty_bins": [
      false,
      false,
      false,
      false,
      false,
      false,
      false,
      true,
      true,
      true
    ]
  },
  "M": {
    "bin_edges": [
      0.0,
      0.1,
      0.2,
      0.3,
      0.4,
      0.5,
      0.6,
      0.7,
      0.8,
      0.9,
      1.0
    ],
    "pred_mean": [
      0.03750940779159187,
      0.17740943583335667,
      0.2932868402636828,
      0.34023827979865584,
      0.4501002339216379,
      0.5183942083452568,
      0.6283494374331307,
      0.7142857313156128,
      NaN,
      0.999999
    ],
    "true_rate": [
      0.08057851239669421,
      0.1878453038674033,
      0.2739463601532567,
      0.35194174757281554,
      0.4251012145748988,
      0.5327868852459017,
      0.47058823529411764,
      1.0,
      NaN,
      1.0
    ],
    "counts": [
      484,
      362,
      522,
      412,
      247,
      122,
      17,
      1,
      0,
      1
    ],
    "empty_bins": [
      false,
      false,
      false,
      false,
      false,
      false,
      false,
      false,
      true,
      false
    ]
  }
}