{
  "thresholds": [
    0.0,
    0.05,
    0.1,
    0.15,
    0.2,
    0.25,
    0.3,
    0.35,
    0.4,
    0.45,
    0.5,
    0.55,
    0.6,
    0.65,
    0.7,
    0.75,
    0.8,
    0.85,
    0.9,
    0.95,
    1.0
  ],
  "fpr_gap_per_threshold": [
    0.0,
    0.03839994885973186,
    0.0661179742061272,
    0.12775158614737986,
    0.1184504498745465,
    0.12500599300017579,
    0.05085260415834306,
    0.05085260415834306,
    0.034123343934284754,
    0.0,
    0.0,
    0.0,
    0.0,
    0.0,
    0.0,
    0.0,
    0.0,
    0.0,
    0.0,
    0.0,
    0.0
  ],
  "fnr_gap_per_threshold": [
    0.0,
    0.024844720496894408,
    0.005866114561766736,
    0.01725327812284333,
    0.10351966873706003,
    0.03433402346445824,
    0.05659075224292609,
    0.05659075224292609,
    0.03140096618357491,
    0.0,
    0.0,
    0.0,
    0.0,
    0.0,
    0.0,
    0.0,
    0.0,
    0.0,
    0.0,
    0.0,
    0.0
  ],
  "fpr_gap_max": 0.12775158614737986,
  "fpr_gap_mean": 0.02912164306375867,
  "fnr_gap_max": 0.10351966873706003,
  "fnr_gap_mean": 0.015733346478688088
}