{
  "thresholds": [
    0.0,
    0.05,
    0.1,
    0.15,
    0.2,
    0.25,
    0.3,
    0.35,
    0.4,
    0.45,
    0.5,
    0.55,
    0.6,
    0.65,
    0.7,
    0.75,
    0.8,
    0.85,
    0.9,
    0.95,
    1.0
  ],
  "fpr_gap_per_threshold": [
    0.0,
    0.06754013952579618,
    0.12458251445252799,
    0.10018618763576181,
    0.12124942719768006,
    0.13689273523428608,
    0.13319002058859153,
    0.12601567712170303,
    0.11027162656083572,
    0.0974712986339485,
    0.06432615061657088,
    0.051657024498250124,
    0.032720488909177295,
    0.03127952280798538,
    0.025755008662856925,
    0.007560137457044674,
    0.0006872852233676976,
    0.0,
    0.0,
    0.0,
    0.0
  ],
  "fnr_gap_per_threshold": [
    0.0,
    0.02350590026646365,
    0.023016960942774722,
    0.04903044308248769,
    0.10142670551592484,
    0.11586637362142571,
    0.18087570247840856,
    0.25560132623329646,
    0.29212297799658393,
    0.3012659499648347,
    0.28810408921933084,
    0.3019692555008541,
    0.28780267256103687,
    0.24289159047523357,
    0.19213932242101261,
    0.05475504322766567,
    0.013513513513513487,
    0.0007570022710068347,
    0.0,
    0.0,
    0.0
  ],
  "fpr_gap_max": 0.13689273523428608,
  "fpr_gap_mean": 0.0586373926250659,
  "fnr_gap_max": 0.3019692555008541,
  "fnr_gap_mean": 0.1297449918710407
}