{
  "F": {
    "bin_edges": [
      0.0,
      0.1,
      0.2,
      0.3,
      0.4,
      0.5,
      0.6,
      0.7,
      0.8,
      0.9,
      1.0
    ],
    "pred_mean": [
      0.03039273950631959,
      0.13108331004672863,
      0.24911695194465142,
      0.35593220591545105,
      0.41025641560554504,
      NaN,
      NaN,
      NaN,
      NaN,
      NaN
    ],
    "true_rate": [
      0.02857142857142857,
      0.10638297872340426,
      0.18518518518518517,
      0.4,
      0.5,
      NaN,
      NaN,
      NaN,
      NaN,
      NaN
    ],
    "counts": [
      70,
      94,
      108,
      5,
      4,
      0,
      0,
      0,
      0,
      0
    ],
    "empty_bins": [
      false,
      false,
      false,
      false,
      false,
      true,
      true,
      true,
      true,
      true
    ]
  },
  "M": {
    "bin_edges": [
      0.0,
      0.1,
      0.2,
      0.3,
      0.4,
      0.5,
      0.6,
      0.7,
      0.8,
      0.9,
      1.0
    ],
    "pred_mean": [
      0.021448030590467102,
      0.13199160409557237,
      0.2536697500613449,
      0.35593220591545105,
      0.41025641560554504,
      NaN,
      NaN,
      NaN,
      NaN,
      NaN
    ],
    "true_rate": [
      0.055944055944055944,
      0.1351981351981352,
      0.2625169147496617,
      0.4126984126984127,
      0.34146341463414637,
      NaN,
      NaN,
      NaN,
      NaN,
      NaN
    ],
    "counts": [
      286,
      429,
      739,
      63,
      82,
      0,
      0,
      0,
      0,
      0
    ],
    "empty_bins": [
      false,
      false,
      false,
      false,
      false,
      true,
      true,
      true,
      true,
      true
    ]
  }
}