{
  "Unknown": {
    "bin_edges": [
      0.0,
      0.1,
      0.2,
      0.3,
      0.4,
      0.5,
      0.6,
      0.7,
      0.8,
      0.9,
      1.0
    ],
    "pred_mean": [
      0.02320682166942686,
      0.1318283543047668,
      0.25308922798743355,
      0.35593220591545105,
      0.41025641560554504,
      NaN,
      NaN,
      NaN,
      NaN,
      NaN
    ],
    "true_rate": [
      0.05056179775280899,
      0.13001912045889102,
      0.2526564344746163,
      0.4117647058823529,
      0.3488372093023256,
      NaN,
      NaN,
      NaN,
      NaN,
      NaN
    ],
    "counts": [
      356,
      523,
      847,
      68,
      86,
      0,
      0,
      0,
      0,
      0
    ],
    "empty_bins": [
      false,
      false,
      false,
      false,
      false,
      true,
      true,
      true,
      true,
      true
    ]
  }
}