{
  "F": {
    "bin_edges": [
      0.0,
      0.1,
      0.2,
      0.3,
      0.4,
      0.5,
      0.6,
      0.7,
      0.8,
      0.9,
      1.0
    ],
    "pred_mean": [
      0.053625725477087494,
      0.1554952622919353,
      0.25568055651955685,
      0.3327383980998453,
      0.4518049168586731,
      0.5625,
      0.6100000143051147,
      NaN,
      NaN,
      NaN
    ],
    "true_rate": [
      0.05,
      0.15979381443298968,
      0.23728813559322035,
      0.22641509433962265,
      0.24,
      0.6666666666666666,
      1.0,
      NaN,
      NaN,
      NaN
    ],
    "counts": [
      40,
      194,
      59,
      106,
      25,
      3,
      1,
      0,
      0,
      0
    ],
    "empty_bins": [
      false,
      false,
      false,
      false,
      false,
      false,
      false,
      true,
      true,
      true
    ]
  },
  "M": {
    "bin_edges": [
      0.0,
      0.1,
      0.2,
      0.3,
      0.4,
      0.5,
      0.6,
      0.7,
      0.8,
      0.9,
      1.0
    ],
    "pred_mean": [
      0.05116369213271848,
      0.15702853606581968,
      0.25564524127791327,
      0.3334145281880979,
      0.46049582093519015,
      0.5833414160623783,
      0.6082108115120758,
      0.7857142686843872,
      NaN,
      0.999999
    ],
    "true_rate": [
      0.059322033898305086,
      0.15339578454332553,
      0.2604166666666667,
      0.3474903474903475,
      0.4635036496350365,
      0.6219512195121951,
      0.5899280575539568,
      0.6666666666666666,
      NaN,
      0.5
    ],
    "counts": [
      118,
      854,
      384,
      1036,
      548,
      82,
      139,
      15,
      0,
      2
    ],
    "empty_bins": [
      false,
      false,
      false,
      false,
      false,
      false,
      false,
      false,
      true,
      false
    ]
  }
}