{
  "best_params": {
    "n_estimators": 753,
    "learning_rate": 0.02061912414225597,
    "max_depth": 5,
    "min_child_weight": 1.6964817373013514,
    "subsample": 0.6052561262871233,
    "colsample_bytree": 0.7538958890103071,
    "reg_alpha": 0.2409185811540224,
    "reg_lambda": 0.4759440673056062
  },
  "calibration": "platt"
}